Title,First Name,Last Name,Suffix,Nikkah & Walima (Ceremony & Reception),Are there any dietary restrictions that we should know of?,Any song requests?,Advice for the newlyweds?
Mr.,Irfan,Abbas,,Attending,Halal,,
Mrs.,Andleeb,Zehra,,Attending,Halal,,
Mr.,Asad,Irfan,,Attending,Halal,,
"",Mahmoud,Abbouchi,,Attending,,,
"",Guest,,,Declined,,,
"",Ameena,Abid,,Attending,,Dil Dooba,Keep on delighting in each other’s presence. May Allah grant you a long and happy marriage.
Mr.,Emran,Abid,,Attending,Halal,,
"",Guest,,,Attending,Halal,,
"",Maria,Abila,,Attending,,,
"",Raymond,Garcia,,Attending,,,
Mr.,Mughees,Ahmad,,Attending,,,
"",Shofique,Ahmed,,Attending,,,
"",Maria,Ahmed,,Attending,,,
"",Aashna,Ahmed,,Attending,,,
"",Abrar,Ahsan,,Attending,,,Always think of the positive things as you proceed with life. Love always wins
"",Guest,,,Declined,,,Always think of the positive things as you proceed with life. Love always wins
"",Laique,Ahsan,,Attending,,,
"",Maisha,Aniqa,,Attending,,,
"",Asad,Rahim,,Attending,,,
"",Asadur Rahman,Akand,,Attending,No,,
"",Shelena,Akter,,Attending,No,,
"",Nausheen,Akand,,Attending,No,,
"",Naureen,Akand,,Attending,No,,
"",Aaryan,Akand,,Attending,No,,
"",Nasima,Akhter,,Attending,,,
"",Shoopantha,Tahmid,,Attending,,,
"",Iftekhar,Alam,,Attending,,,
"",Manzurul,Alam,,Attending,,,Try to understand each other and be happy by the grace of Allah.
"",Sarwoara,Habib . Nina,,Attending,,,Try to understand each other and be happy by the grace of Allah.
"",Sidra,Ali,,Attending,,,
"",Guest,,,Attending,,,
"",Nicholas,An,,Attending,,September - Earth Wind and Fire,"Don't sweat the petty things, and don't pet the sweaty things."
"",Moonie,Moua,,Attending,,September - Earth Wind and Fire,"Don't sweat the petty things, and don't pet the sweaty things."
"",Nikita,Andrade,,Attending,,,
"",Jason,Antao,,Attending,,,
"",Shamim,Ara,,Attending,,,Always keep dating
"",Shaikh,Faruk,,Attending,,,Always keep dating
"",Samir,Faruk,,Attending,,,Always keep dating
"",Dana,Faruk,,Attending,,,Always keep dating
"",Hunaiza,Arshad,,Attending,Allergic to avocados,,
"",Aisha,Arshad,,Attending,Allergic to avocados,,
"",Wahab,Ata,,Attending,,,
"",Guest,,,Attending,,,
"",Zainab,Bandukwala,,Attending,,,
"",Mustafa,Bandukwala,,Attending,,,
"",Nathan,Basant,,Declined,,,
"",Guest,,,Declined,,,
"",Kelley,Bates,,,,,
"",Guest,,,,,,
"",Akhy,Bhowmik,,Attending,,,
Dr.,Nirmalendu Bikash,Bhowmik,,Attending,,,
"",Anamika,Bhowmik,,Attending,,,
"",Anindita,Bhowmik,,Attending,No beefff plslslsls,Risk it all by Bruno Mars ehehe,Always and I mean alwaysss do ur best to rmr that you guys are a team and there aint no obstacle yall can’t conquer! When there is a will there is a always a way!!
"",Arnab,Bhowmik,,Attending,No beefff plslslsls,Risk it all by Bruno Mars ehehe,Always and I mean alwaysss do ur best to rmr that you guys are a team and there aint no obstacle yall can’t conquer! When there is a will there is a always a way!!
"",Aziz,Bhuiyan,,Attending,No,NA,NA
"",Nadira,Ahmed,,Attending,No,NA,NA
"",Ahnaf,,,Attending,No,NA,NA
"",Labiba,,,Attending,No,NA,NA
"",Mizanur Rahman,Bhuiyan,,Attending,Halal,No.,
"",Shamim,Bhuiyan,,Attending,Halal,No.,
"",Mim,Bhuiyan,,Attending,Halal,No.,
"",Syed Qaiser,Bokhari,,Attending,,,
"",Talat,Bokhari,,Attending,,,
"",Mujtaba,Bokhari,,Attending,,,
"",Sam,Bondi,,Declined,,,
"",Guest,,,Declined,,,
"",Hyman,Chan,,Attending,,,
"",Guest,,,Declined,,,
"",Guest,,,Declined,,,
Mr.,Ajay,Chitram,,Attending,,,
Ms.,Nikita,Chitram,,Attending,,,
"",Shafee,Chowdhury,,Attending,Tasfia is allergic to Shrimp and eggplant.,,
"",Tasfia Sakura,Hossain,,Attending,Tasfia is allergic to Shrimp and eggplant.,,
"",Shajahan,Chowdhury,,Attending,,,
"",Farzana,Haq,,Attending,,,
"",Sabrina,Costas,,Attending,No dietary restrictions,,Communication is key is easier said than done!
"",Guest,,,Declined,No dietary restrictions,,Communication is key is easier said than done!
"",Sean,Coutinho,,Attending,Erin is allergic to all nuts except coconut,,"One of the best parts of being married is getting to define your own marriage. There will always be outside opinions on how a marriage/relationship should or shouldn't be, but ultimately you can choose what works best for the two of you."
"",Erin,Paul,,Attending,Erin is allergic to all nuts except coconut,,"One of the best parts of being married is getting to define your own marriage. There will always be outside opinions on how a marriage/relationship should or shouldn't be, but ultimately you can choose what works best for the two of you."
"",Asad,Dar,,Attending,,,
"",Sharmila,Das,,Attending,,,
"",Sudipta,Mallick,,Attending,,,
"",Srijani,Smita,,Attending,,,
"",Prima,Dutta,,Attending,,,
"",Amit,Majumder,,Attending,,,
"",Wazba,Faiaz,,Attending,Halal,,
"",Rehnuba,Fairoj,,Attending,Halal,,
"",Ahad,Shirazi,,Attending,Halal,,
"",Raihanul,Ferdous,,Attending,"No, but Muslim food",No,Have patience
"",Farhad,Akhter,,Attending,"No, but Muslim food",No,Have patience
"",Farhan,Ferdous,,Attending,"No, but Muslim food",No,Have patience
"",Zareen,Ferdous,,Attending,"No, but Muslim food",No,Have patience
"",Amir,Feyzi,,Attending,Sensitivity to ghormeh sabzi (bread or rice included). Not anaphylactic or other allergy signs. I get this urge to share it with everyone because of how much I enjoy it : p,N/A,"May each joy and suffering strengthen your union. 
May the effort of walking together become effortless with time.
May you bring positive change to the world through strengthening each other.
May your trust and faith in each other be strong.
May you both walk with all of these intentions."
"",Ahmed,Firoz,,Attending,,,
"",Aysha,Akon,,Attending,,,
"",Tyler,Freamon,,Attending,No,Roach Killa - Aa,Life isn't that serious. Be present for eachother
"",Anushe,Fawad,,Attending,No,Roach Killa - Aa,Life isn't that serious. Be present for eachother
"",Connor,Fyffe White,,Attending,,,
"",Seulki,Lee,,Attending,,,
"",Chinmayee (May),Gidwani,,Attending,"No red meat (dont eat pork or beef). chicken, fish is good, but vegetarian is also fine!",,
"",Armin,Ale,,Attending,"No red meat (dont eat pork or beef). chicken, fish is good, but vegetarian is also fine!",,
"",Atul,Gupta,,Attending,no beef,,
"",David,Gurevich,,Attending,,"Any anime song such as Bling-Bang-Bang-Born, cruel angel thesis, attack on Titan opening - fun songs!",Have a little bit of fun everyday!
"",Paola (Alex),Garcia,,Attending,,"Any anime song such as Bling-Bang-Bang-Born, cruel angel thesis, attack on Titan opening - fun songs!",Have a little bit of fun everyday!
"",Noyon,Hafiz,,Attending,Sabita somani Veg,,
"",Sabita,Somani,,Attending,Sabita somani Veg,,
"",Atiqul,Haque,,Attending,,,
"",Bilkish,Akter,,Attending,,,
"",Aribah Haque,,,Attending,,,
"",Cole,Haraga,,Attending,,,
"",Guest,,,Declined,,,
"",Nazmul,Hasan,,Attending,N/A,N/A,N/A
"",Umma,Salma,,Attending,N/A,N/A,N/A
"",Fareshta,Hashemi,,Declined,,,
"",Guest,,,Declined,,,
"",Guest,,,Declined,,,
"",Guest,,,Declined,,,
"",Abdul,Hayee,,Attending,,,
"",Zahida,Hayee,,Attending,,,
"",Damien,Hill,,Attending,,,
"",Alexis,Heaphy,,Attending,,,
"",Akbar,Hossain,,Attending,No,No,No
"",Ismot,Jakia,,Attending,No,No,No
"",Mahedi,Hassan,,Attending,No,No,No
"",Md Shahadat,Hossain,,Attending,,,
"",Tamanna Nigar,Tumpa,,Attending,,,
"",Wania,Tarannum,,Attending,,,
"",Wadi Ibne,Hossain,,Attending,,,
"",Kevin,Hua,,,,,
"",Guest,,,,,,
"",Steven,Huang,,Attending,,,
"",Maureen,Chau,,Attending,,,
"",Mozammel,Huq,,Attending,,,
"",Asrafun,Aktia,,Attending,,,
"",Sadat,Saad,,Attending,,,
"",Samira,Huq,,Attending,Halal,No.,
"",Siwa,Huq,,Attending,Halal,No.,
"",Sura,Huq,,Attending,Halal,No.,
"",Shafiqul,Huq,,Attending,,,
"",Laila,Haq,,Attending,,,
"",Shaiful,Huq,,Declined,,,
"",Guest,,,Declined,,,
"",Guest,,,Declined,,,
"",Guest,,,Declined,,,
"",Tarana,Huq,,Attending,no,no,keep smiling ❤️❤️❤️
"",Guest,,,Declined,no,no,keep smiling ❤️❤️❤️
"",Guest,,,Declined,no,no,keep smiling ❤️❤️❤️
"",Guest,,,Declined,no,no,keep smiling ❤️❤️❤️
"",Syed Azadar,Hussain,,Attending,,,
"",Sadaf,Syed,,Attending,,,
"",Komal,Zehra,,Attending,,,
"",Aiman,Hussaini,,Attending,Halal,,
"",Md. Shameem,Iqbal,,Attending,,,
"",Jannatul,Nayeem,,Attending,,,
"",Zuhayr,Akhtab,,Attending,,,
"",Fabbiha,Lamisa,,Attending,,,
"",Ali,Irfan,,Attending,,,
"",Muskan,Irfan,,Attending,,,
"",Guest,,,Attending,,,
"",Nazimul,Islam,,Attending,,,
"",Dilruba,Parveen,,Attending,,,
"",Nafis,Islam,,Attending,,,
"",Marzan,Islam,,Attending,,,
"",Tanzila,Islam,,Declined,,,
"",Guest,,,Declined,,,
"",Tayzoon,Ismail,,Attending,,,
"",Guest,,,Declined,,,
"",Anvin,Jeyaseelan,,Declined,,,
"",Guest,,,Declined,,,
"",Ty,Kaloczi,,Attending,,,
"",Guest,,,Attending,,,
"",Syed Mostafa,Kamal,,Attending,No,,"Wishing you a beautiful married life filled with love, laughter, trust, and endless support for one another."
"",Shireen,Akhter,,Attending,No,,"Wishing you a beautiful married life filled with love, laughter, trust, and endless support for one another."
"",Ishraq,Kamal,,Attending,No,,"Wishing you a beautiful married life filled with love, laughter, trust, and endless support for one another."
"",Biplob,Kar,,Attending,No beef,,Enjoy your new life fullest
"",Nipa,Kar,,Attending,No beef,,Enjoy your new life fullest
"",Rishan,Kar,,Attending,No beef,,Enjoy your new life fullest
"",Ritvik,Kar,,Attending,No beef,,Enjoy your new life fullest
Mr.,Azmat,Khan,,Attending,,,
Mrs.,Azmat,Khan,,Attending,,,
"",Monzur Hossain Zimmu,Khan,,Attending,,,
"",Asma Ul Husna,Annie,,Attending,,,
"",Warizah,Khan,,Attending,,,
"",Mustafiz,Khan,,Attending,,,Congratulations to the newly wed couple
"",Ambia,Ali,,Attending,,,Congratulations to the newly wed couple
"",Mehzabeen,Khan,,Attending,,,Congratulations to the newly wed couple
"",Olia,Khan,,Attending,,,
"",Asgar,Khan,,Attending,,,
"",Sadiqur,Khan,,Attending,,,
"",Nazneen,Mirza,,Attending,,,
"",Tarannum,Khan,,Attending,,,
"",Tauseef,Khan,,Attending,,,
"",Guest,,,Declined,,,
Dr.,Uzmi,Khan,,Attending,,,
Mrs.,Uzmi,Khan,,Attending,,,
"",Kunal,Khanna,,Attending,,,
"",Divya,Khanna,,Attending,,,
"",Yasmin,Khayer,,Attending,,,
"",Golam,Mohiuddin,,Attending,,,
"",Zulqarnayn,Khondoker,,Declined,Im sure everything will be halal but mentioning it anyways,any good anime opening tbh,Prayers for your future prosperity truly.
"",Ferdowsi,Begum,,Declined,Im sure everything will be halal but mentioning it anyways,any good anime opening tbh,Prayers for your future prosperity truly.
"",Thomas,Lam,,Attending,,,
"",Guest,,,Declined,,,
"",Jennifer,Le,,Attending,,,
"",Joseph,Morabito,,Declined,,,
"",Sam,Leung,,Attending,,,Congratulations!!!!
"",Amy,Ng,,Attending,,,Congratulations!!!!
Mr.,Mabin,Mathew,,Attending,-Nil-,Still into you-Paramore,Sometimes a good hug usually fixes problems
"",Sandra,Salu,,Attending,-Nil-,Still into you-Paramore,Sometimes a good hug usually fixes problems
"",Alec,Mcburney,,Attending,Dairy and Nut allergy,,
"",Guest,,,Declined,Dairy and Nut allergy,,
"",Mansoor,Mirza,,Attending,,,
"",Abu,Mohsin,,Attending,,,
"",Mimah,Akter,,Attending,,,
"",Reshad,Mohsin,,Attending,,,
"",Nadia,Mohsin,,Attending,,,
"",Hassan,Mustafa,,Attending,,,
"",Aleena,Atif,,Attending,,,
"",Faheem,Najam,,Attending,,,
"",Sumera,Faheem,,Attending,,,
"",Minha,Faheem,,Attending,,,
"",Jacqueline,Namboira,,Attending,Pardon me for any stereotyping: Not able to manage super spicy food hehe.,No,Continue to cherish the journey towards the destination which you probably are. Do not be too hard on yourselves :).
"",Michael,Nanowski,,Declined,,,
"",Guest,,,Declined,,,
"",Guest,,,Declined,,,
"",Guest,,,Declined,,,
"",Guest,,,Declined,,,
"",Guest,,,Declined,,,
"",Neharun,Nesa,,Attending,,,
"",Azizur,Khan,,Attending,,,
"",Rufaida,Rahman,,Attending,,,
"",Atiya,Nova,,Attending,,,
"",Kodey,Owen,,Attending,,,
"",Jay,Patel,,Attending,,,
"",Macious,Peng,,Attending,No,No,
"",Guest,,,Declined,No,No,
"",Vinod,Ramnath,,Attending,no beef,Badtameez Dil,enjoy it
"",Sabrina,Ramnath,,Attending,no beef,Badtameez Dil,enjoy it
"",Golam,Rasul,,Attending,Halal,N/A,N/A
"",Sanjida,Pervin,,Attending,Halal,N/A,N/A
"",Farin,Rasul,,Attending,Halal,N/A,N/A
"",Faizah,Rasul,,Attending,Halal,N/A,N/A
"",Khawar,Rathore,,Attending,,,
"",Fauzia,Khawar,,Attending,,,
Mr.,Ali,Rayaan,,Attending,Halal,,
"",Hamza,Razaq,,No Response,,,
"",Guest,,,No Response,,,
"",Guest,,,No Response,,,
"",Guest,,,No Response,,,
"",Guest,,,No Response,,,
"",Guest,,,No Response,,,
"",Saeed,Rehman,,Attending,,,
"",Anila,Saeed,,Attending,,,
"",Samee,Rehman,,Attending,,,
"",Gazi,S Mahmud,,Attending,,,
"",Shaila,Sharmin,,Attending,,,
"",Gazi,Shafqat,,Attending,,,
"",Gazi,Walif,,Attending,,,
"",Tanusree,Saha,,Attending,,,
"",Ayushi,Saha,,Attending,,,
"",Aditi,Saha,,Attending,,,
"",MA,Salam,,Attending,,,
"",Nasima,Dewan Mona,,Attending,,,
"",Sorrur,Samad,,Attending,,,
"",Shamima,Humaera,,Attending,,,
"",Laila,Sharmin Moni,,Attending,No,No,No
"",Golam,Sarwar,,Attending,No,No,No
"",Nuzhat,Tasnia,,Attending,No,No,No
"",Abid,Shirazi,,Attending,halal,,
"",Farah,Shirazi,,Attending,halal,,
"",Erzum,Shirazi,,Attending,,,
"",Guest,,,Declined,,,
"",Haider,Shirazi,,Attending,,,
"",Shaheen,Shirazi,,Attending,,,
"",Anjalie,Singh,,Attending,No beef no pork,,
"",Prabhjot,Brar,,Attending,No beef no pork,,
"",Gurpreet,Singh,,Attending,,,
"",Rajveer,Singh,,Attending,,,
Mr.,Prassana,Siva,,Attending,No,EoO by Bad Bunny,"Your wife is right, especially when she’s not"
Mrs.,Kathy,Dao,,Attending,No,EoO by Bad Bunny,"Your wife is right, especially when she’s not"
Mr.,Aryan,Srivastava,,Attending,,,
"",Md. Zakir,Syed,,Attending,,,
"",Nahid,Akhter,,Attending,,,
"",Tuba,Syeda,,Attending,,,
"",Faizah,Syeda,,Attending,,,
"",Wajahat,Syed,,Attending,,,
"",Anbreen,Zehra,,Attending,,,
"",Trevor,Tai,,Attending,,,
"",Guest,,,Declined,,,
Mr.,Prateek,Tailor,,Attending,No beef,,
Mrs.,Tara,Tailor,,Attending,No beef,,
"",Andy,Tan,,Declined,,,
"",Olivia,Gin-Chang Poon,,Declined,,,
"",Tom,Tang,,Attending,Less carbs please,Taylor Swift,Communication
"",Guest,,,Declined,Less carbs please,Taylor Swift,Communication
"",Rifah,Tasnia,,Attending,,,
"",Hanin,Afzal,,Attending,,,
"",Nick,Taylor,,Attending,,,
"",William,Tien,,Attending,Nuts,,
"",Varia,Samarkina,,Declined,Nuts,,
"",Billy,Truong,,Declined,Shellfish,,
"",Guest,,,Declined,Shellfish,,
Mr.,Arun,Tyagi,,Attending,Gluten allergy,,
"",Priya,Dhanoa,,Attending,Gluten allergy,,
"",Moin,Uddin,,Attending,,,
"",Mansura,Bagum,,Attending,,,
"",Riyasat,Talukder,,Attending,,,
"",Miftaul,Zannah,,Attending,,,
"",Mahadi,Talukder,,Attending,,,
"",Sk,Uddin,,Attending,,,
"",Tuslima,Aktar,,Attending,,,
"",SK,Tapu,,Attending,,,
"",Sk,Maheen,,Attending,,,
"",Rohan,Verma,,Attending,,,
Mr.,Piracha,x,,Attending,,,
"",Guest,,,Attending,,,
"",Amy,Xie,,Declined,,,
"",Guest,,,Declined,,,
"",Laboni,Zahir,,No Response,,,
"",Guest,,,No Response,,,
"",Syed Ahmed,Zaidi,,Attending,,,
"",Zehra,Syed,,Attending,,,
"",Rija,Zaidi,,Attending,,,
"",Zoraiz,Zaidi,,Attending,,,
"",Zain,Zaidi,,Attending,,,
"",Manir,Zaman,,Attending,,,
"",Farhana,Zaman,,Attending,,,
"",Sunayra,Zaman,,Attending,,,
"",Ashmit,Zaman,,Attending,,,
Mrs.,Mehnaz,Zehra,,Attending,,,
Mr.,Mohsin,Abbas,,Attending,,,
"",Guest,,,Attending,,,
"",Guest,,,Attending,,,
"",Tony,Zheng,,Attending,,,
"",Sabrina,Tang,,Attending,,,
"",Haiyi (Ellie),Zhou,,Attending,,,A couple that lifts together sticks together ᕙ(  •̀ ᗜ •́  )ᕗ
"",Guest,,,Declined,,,A couple that lifts together sticks together ᕙ(  •̀ ᗜ •́  )ᕗ
