Name,Table Number

A,
Irfan Abbas,R3
Mahmoud Abbouchi,19
Ameena Abid,20
Emran Abid,20
Rani Abid,20
Maria Abila,8
Hanin Afzal,2
Mughees Ahmad,21
Aashna Ahmed,24
Maria Ahmed,24
Nadira Ahmed,12
Shofique Ahmed,24
Ahnaf,12
Abrar Ahsan,19
Laique Ahsan,7
Aaryan Akand,13
Asadur Rahman Akand,13
Naureen Akand,13
Nausheen Akand,13
Zuhayr Akhtab,28
Farhad Akhter,11
Nahid Akhter,6
Nasima Akhter,3
Shireen Akhter,5
Aysha Akon,6
Tuslima Aktar,15
Bilkish Akter,13
Mimah Akter,24
Shelena Akter,13
Asrafun Aktia,1
Iftekhar Alam,14
Manzurul Alam,11
Armin Ale,10
Ambia Ali,5
Sidra Ali,R2
Nicholas An,19
Nikita Andrade,9
Maisha Aniqa,7
Asma Ul Husna Annie,4
Jason Antao,9
Shamim Ara,15
Aisha Arshad,20
Hunaiza Arshad,20
Roshana Ata,19
Wahab Ata,19
Aleena Atif,8

B,
Mansura Bagum,27
Mustafa Bandukwala,7
Zainab Bandukwala,7
Akhy Bhowmik,14
Anindita Bhowmik,R2
Arnab Bhowmik,2
Aziz Bhuiyan,12
Mim Bhuiyan,25
Mizanur Rahman Bhuiyan,25
Shamim Bhuiyan,25
Mujtaba Bokhari,R4
Syed Qaiser Bokhari,R4
Talat Bokhari,R4
Prabhjot Brar,20

C,
Hyman Chan,8
Maureen Chau,23
Ajay Chitram,21
Nikita Chitram,21
Shafee Chowdhury,1
Shajahan Chowdhury,1
Sabrina Costas,10
Sean Coutinho,9

D,
Kathy Dao,21
Asad Dar,16
Sharmila Das,14
Priya Dhanoa,22
Prima Dutta,R2

F,
Minha Faheem,16
Sumera Faheem,16
Wazba Faiaz,R1
Rehnuba Fairoj,R1
Dana Faruk,15
Samir Faruk,15
Shaikh Faruk,15
Anushe Fawad,10
Farhan Ferdous,11
Raihanul Ferdous,11
Sherin Ferdous,11
Zareen Ferdous,11
Amir Feyzi,20
Ahmed Firoz,6
Tyler Freamon,10

G,
Paola (Alex) Garcia,8
Raymond Garcia,8
Chinmayee (May) Gidwani,10
Atul Gupta,16
David Gurevich,8

H,
Noyon Hafiz,6
Farzana Haq,1
Laila Haq,R1
Aribah Haque,13
Atiqul Haque,13
Cole Haraga,23
Nazmul Hasan,26
Mahedi Hassan,3
Abdul Hayee,16
Zahida Hayee,16
Alexis Heaphy,9
Damien Hill,9
Akbar Hossain,3
Md Shahadat Hossain,28
Tasfia Sakura Hossain,1
Wadi Ibne Hossain,28
Steven Huang,23
Shamima Humaera,R1
Mozammel Huq,1
Samira Huq,R2
Shafiqul Huq,R1
Siwa Huq,2
Sura Huq,2
Tarana Huq,1
Syed Azadar Hussain,18
Aiman Hussaini,23

I,
Md. Shameem Iqbal,28
Ali Irfan,R3
Asad Irfan,R3
Muskan Irfan,R4
Marzan Islam,4
Nafis Islam,4
Nazimul Islam,4
Tayzoon Ismail,21

J,
Ismot Jakia,3

K,
Ishraq Kamal,5
Syed Mostafa Kamal,5
Biplob Kar,29
Nipa Kar,29
Rishan Kar,29
Ritvik Kar,29
Asgar Khan,26
Azizur Khan,3
Azmat Khan,18
Azmat Khan,18
Mehzabeen Khan,5
Monzur Hossain Zimmu Khan,4
Mustafiz Khan,5
Olia Khan,26
Sadiqur Khan,12
Tarannum Khan,12
Tauseef Khan,12
Uzmi Khan,17
Uzmi Khan,17
Warizah Khan,4
Divya Khanna,18
Kunal Khanna,18
Fauzia Khawar,16
Yasmin Khayer,5

L,
Labiba,12
Thomas Lam,9
Fabbiha Lamisa,28
Jennifer Le,8
Seulki Lee,9
Sam Leung,23

M,
Sk Maheen,15
Gazi S Mahmud,26
Amit Majumder,2
Sudipta Mallick,14
Mabin Mathew,22
Alec Mcburney,23
Mansoor Mirza,18
Nazneen Mirza,12
Golam Mohiuddin,5
Abu Mohsin,24
Nadia Mohsin,24
Reshad Mohsin,24
Nasima Dewan Mona,29
Laila Sharmin Moni,27
Moonie Moua,19
Hassan Mustafa,8

N,
Faheem Najam,16
Jacqueline Namboira,9
Jannatul Nayeem,28
Neharun Nesa,3
Amy Ng,23
Sarwoara Habib . Nina,11
Atiya Nova,R2

O,
Kodey Owen,2

P,
Dilruba Parveen,4
Jay Patel,21
Erin Paul,9
Macious Peng,10
Sanjida Pervin,25
Mahmood Piracha,16
Mrs Mahmood Piracha,16

Q,
Ahnaf Qureshi,29

R,
Asad Rahim,7
Rufaida Rahman,3
Sabrina Ramnath,22
Vinod Ramnath,22
Faizah Rasul,25
Farin Rasul,25
Golam Rasul,25
Khawar Rathore,16
Ali Rayaan,22
Saeed Rehman,7
Samee Rehman,7

S,
Sadat Saad,1
Anila Saeed,7
Aditi Saha,14
Ayushi Saha,14
Tanusree Saha,14
MA Salam,29
Umma Salma,26
Sandra Salu,22
Sorrur Samad,R1
Golam Sarwar,27
Gazi Shafqat,26
Shaila Sharmin,26
Abid Shirazi,R3
Ahad Shirazi,R4
Erzum Shirazi,R3
Farah Shirazi,R3
Haider Shirazi,18
Shaheen Shirazi,18
Basira Silvy,29
Anjalie Singh,20
Gurpreet Singh,22
Rajveer Singh,22
Prassana Siva,21
Srijani Smita,14
Sabita Somani,6
Aryan Srivastava,21
Md. Zakir Syed,6
Sadaf Syed,18
Wajahat Syed,17
Zahra Syed,17
Faizah Syeda,6
Tuba Syeda,6

T,
Shoopantha Tahmid,3
Trevor Tai,10
Prateek Tailor,21
Tara Tailor,21
Mahadi Talukder,27
Riyasat Talukder,27
Sabrina Tang,10
Tom Tang,23
SK Tapu,15
Wania Tarannum,28
Nuzhat Tasnia,27
Rifah Tasnia,R2
Nick Taylor,2
William Tien,19
Tamanna Nigar Tumpa,28
Kayley Turner,2
Arun Tyagi,22

U,
Moin Uddin,27
Sk Uddin,15

V,
Rohan Verma,22

W,
Gazi Walif,26
Connor Fyffe White,19

Z,
Rija Zaidi,17
Syed Ahmed Zaidi,17
Zain Zaidi,17
Zoraiz Zaidi,17
Ashmit Zaman,11
Farhana Zaman,11
Manir Zaman,11
Sunayra Zaman,11
Miftaul Zannah,27
Anbreen Zehra,17
Andleeb Zehra,R4
Komal Zehra,18
Mehnaz Zehra,17
Tony Zheng,10
Haiyi (Ellie) Zhou,9
